intersect_bp,f_orig_query,f_match,f_unique_to_query,f_unique_weighted,average_abund,median_abund,std_abund,filename,name,md5,f_match_orig,unique_intersect_bp,gather_result_rank,remaining_bp,query_filename,query_name,query_md5,query_bp,ksize,moltype,scaled,query_n_hashes,query_abundance,query_containment_ani,match_containment_ani,average_containment_ani,max_containment_ani,potential_false_negative,n_unique_weighted_found,sum_weighted_found,total_weighted_hashes
2536000,0.003776074044404606,0.9609700644183403,0.003776074044404606,0.003776074044404606,,,,/group/ctbrowngrp/sourmash-db/gtdb-rs207/gtdb-rs207.genomic-reps.dna.k31.zip,"GCA_003446605.1 Anaerolineaceae bacterium, ASM344660v1",e2f63072aa4d6cf99627ceae55a5e673,0.9609700644183403,2536000,0,63339000,hu/SRR1977249.abundtrim.fq.gz,SRR1977249.36 36/2,22838853,671597000,31,DNA,1000,671597,False,0.835295258531485,0.9987165655671433,0.9170059120493141,0.9987165655671433,False,,2536,671597
2513000,0.0037418273160839013,0.9744086855370299,0.0037418273160839013,0.0037418273160839013,,,,/group/ctbrowngrp/sourmash-db/gtdb-rs207/gtdb-rs207.genomic-reps.dna.k31.zip,"GCA_002503885.1 Methanoculleus marisnigri, ASM250388v1",1f16c607be0bf2f7ccb4d539760b1cf0,0.9744086855370299,2513000,1,60826000,hu/SRR1977249.abundtrim.fq.gz,SRR1977249.36 36/2,22838853,671597000,31,DNA,1000,671597,False,0.8350498046126664,0.9991640764067691,0.9171069405097177,0.9991640764067691,False,,5049,671597
2411000,0.0035899505209225175,1.0,0.0035899505209225175,0.0035899505209225175,,,,/group/ctbrowngrp/sourmash-db/gtdb-rs207/gtdb-rs207.genomic-reps.dna.k31.zip,"GCA_003513005.1 Desulfotomaculum sp., ASM351300v1",24c8b18eab95860b643a5a3c49202e1b,1.0,2411000,2,58415000,hu/SRR1977249.abundtrim.fq.gz,SRR1977249.36 36/2,22838853,671597000,31,DNA,1000,671597,False,0.8339343941216346,1.0,0.9169671970608173,1.0,False,,7460,671597
2251000,0.0033517124108654447,0.9369519832985386,0.003341289493550448,0.003341289493550448,,,,/group/ctbrowngrp/sourmash-db/gtdb-rs207/gtdb-rs207.genomic-reps.dna.k31.zip,"GCA_001509375.1 Methanosaeta harundinacea, ASM150937v1",37b5cb0766725668b9c0c50b660f6425,0.939874739039666,2244000,3,56171000,hu/SRR1977249.abundtrim.fq.gz,SRR1977249.36 36/2,22838853,671597000,31,DNA,1000,671597,False,0.832089218980261,0.998001719582929,0.915045469281595,0.998001719582929,False,,9704,671597
2238000,0.0033323555644233075,0.6343537414965986,0.0033323555644233075,0.0033323555644233075,,,,/group/ctbrowngrp/sourmash-db/gtdb-rs207/gtdb-rs207.genomic-reps.dna.k31.zip,"GCA_002305765.1 Deltaproteobacteria bacterium UBA1386, ASM230576v1",a12948742a3b08a54580619a009e2576,0.6343537414965986,2238000,4,53933000,hu/SRR1977249.abundtrim.fq.gz,SRR1977249.36 36/2,22838853,671597000,31,DNA,1000,671597,False,0.8319337683141436,0.9854250474948025,0.9086794079044731,0.9854250474948025,False,,11942,671597
2157000,0.0032117475212069145,0.999073645206114,0.0032117475212069145,0.0032117475212069145,,,,/group/ctbrowngrp/sourmash-db/gtdb-rs207/gtdb-rs207.genomic-reps.dna.k31.zip,"GCA_003513845.1 Candidatus Atribacteria bacterium, ASM351384v1",891ce795bc9a1a171d7abc396f664ff2,0.999073645206114,2157000,5,51776000,hu/SRR1977249.abundtrim.fq.gz,SRR1977249.36 36/2,22838853,671597000,31,DNA,1000,671597,False,0.8309450463686607,0.9999701041847711,0.9154575752767159,0.9999701041847711,False,,14099,671597
2029000,0.003021157033161256,0.7067223963775688,0.003021157033161256,0.003021157033161256,,,,/group/ctbrowngrp/sourmash-db/gtdb-rs207/gtdb-rs207.genomic-reps.dna.k31.zip,"GCF_002752635.1 Mesotoga sp. Brook.08.105.5.1 strain=Brook.08.105.5.1, ASM275263v1",c1f9190232fc14127b6a784e95c6326b,0.7067223963775688,2029000,6,49747000,hu/SRR1977249.abundtrim.fq.gz,SRR1977249.36 36/2,22838853,671597000,31,DNA,1000,671597,False,0.829306878827766,0.9888651232475698,0.9090860010376679,0.9888651232475698,False,,16128,671597
1985000,0.0029556415528955607,0.998992950654582,0.002954152564707704,0.002954152564707704,,,,/group/ctbrowngrp/sourmash-db/gtdb-rs207/gtdb-rs207.genomic-reps.dna.k31.zip,"GCA_001509335.1 Marinimicrobia bacterium 46_43, ASM150933v1",89200d84a91a52c16ba3061e70f5394e,0.999496475327291,1984000,7,47763000,hu/SRR1977249.abundtrim.fq.gz,SRR1977249.36 36/2,22838853,671597000,31,DNA,1000,671597,False,0.8287205750273902,0.99998375330992,0.9143521641686551,0.99998375330992,False,,18112,671597
1948000,0.002900548989944863,0.9979497693490518,0.002899060001757006,0.002899060001757006,,,,/group/ctbrowngrp/sourmash-db/gtdb-rs207/gtdb-rs207.genomic-reps.dna.k31.zip,"GCA_001508335.1 candidate division TA06 bacterium 32_111, ASM150833v1",26406ccd23b3e06d2eb777842d984bd3,0.9984623270117888,1947000,8,45816000,hu/SRR1977249.abundtrim.fq.gz,SRR1977249.36 36/2,22838853,671597000,31,DNA,1000,671597,False,0.8282177287715258,0.999950360702373,0.9140840447369494,0.999950360702373,False,,20059,671597
2015000,0.003000311198531262,0.947265625,0.0028886370844420093,0.0028886370844420093,,,,/group/ctbrowngrp/sourmash-db/gtdb-rs207/gtdb-rs207.genomic-reps.dna.k31.zip,"GCA_003485325.1 Desulfotomaculum sp., ASM348532v1",c788c1d8e6f8228bf6ef3b9e467a64f2,0.98388671875,1940000,9,43876000,hu/SRR1977249.abundtrim.fq.gz,SRR1977249.36 36/2,22838853,671597000,31,DNA,1000,671597,False,0.8291216734068283,0.9994761207636845,0.9142988970852564,0.9994761207636845,False,,21999,671597
1877000,0.0027948308286070366,0.9984017048481619,0.0027903638640434667,0.0027903638640434667,,,,/group/ctbrowngrp/sourmash-db/gtdb-rs207/gtdb-rs207.genomic-reps.dna.k31.zip,"GCA_003444085.1 Kosmotogaceae bacterium, ASM344408v1",5144591791b61ffc04771047940bf87c,1.0,1874000,10,42002000,hu/SRR1977249.abundtrim.fq.gz,SRR1977249.36 36/2,22838853,671597000,31,DNA,1000,671597,False,0.8272263729285613,1.0,0.9136131864642807,1.0,False,,23873,671597
1861000,0.0027710070176013295,0.999462654486835,0.002769518029413473,0.002769518029413473,,,,/group/ctbrowngrp/sourmash-db/gtdb-rs207/gtdb-rs207.genomic-reps.dna.k31.zip,"GCA_013329165.1 Methanocalculus sp., ASM1332916v1",0360ec3d39be7224f4d41976de9826d9,1.0,1860000,11,40142000,hu/SRR1977249.abundtrim.fq.gz,SRR1977249.36 36/2,22838853,671597000,31,DNA,1000,671597,False,0.8269979624378595,1.0,0.9134989812189298,1.0,False,,25733,671597
1794000,0.0026712448090149303,0.8886629384850026,0.002602751352373522,0.002602751352373522,,,,/group/ctbrowngrp/sourmash-db/gtdb-rs207/gtdb-rs207.genomic-reps.dna.k31.zip,"GCA_002452835.1 Candidatus Atribacteria bacterium UBA6794, ASM245283v1",b9d957013a6cb02cdc9820fdf599d7d1,0.9120488052872394,1748000,12,38394000,hu/SRR1977249.abundtrim.fq.gz,SRR1977249.36 36/2,22838853,671597000,31,DNA,1000,671597,False,0.8260203831253232,0.9970346705978961,0.9115275268616096,0.9970346705978961,False,,27481,671597
1719000,0.002559570694925677,0.9109225874867445,0.0025580817067378204,0.0025580817067378204,,,,/group/ctbrowngrp/sourmash-db/gtdb-rs207/gtdb-rs207.genomic-reps.dna.k31.zip,"GCA_001509345.1 Clostridiales bacterium 38_11, ASM150934v1",0d1e391fda043a6dc8b18f0f33bcfb25,0.9114528101802757,1718000,13,36676000,hu/SRR1977249.abundtrim.fq.gz,SRR1977249.36 36/2,22838853,671597000,31,DNA,1000,671597,False,0.8248832558636068,0.997013646830599,0.9109484513471029,0.997013646830599,False,,29199,671597
1612000,0.0024002489588250096,0.6921425504508373,0.0024002489588250096,0.0024002489588250096,,,,/group/ctbrowngrp/sourmash-db/gtdb-rs207/gtdb-rs207.genomic-reps.dna.k31.zip,"GCA_018432645.1 Bacteroidales bacterium, SV3",0aaa96243fde2ecba9a1130c562d6ada,0.6921425504508373,1612000,14,35064000,hu/SRR1977249.abundtrim.fq.gz,SRR1977249.36 36/2,22838853,671597000,31,DNA,1000,671597,False,0.8231749356455211,0.9882003826205098,0.9056876591330154,0.9882003826205098,False,,30811,671597
1656000,0.002465764439090705,0.9662853702588802,0.0023898260415100127,0.0023898260415100127,,,,/group/ctbrowngrp/sourmash-db/gtdb-rs207/gtdb-rs207.genomic-reps.dna.k31.zip,"GCA_003445555.1 Desulfotomaculum sp., ASM344555v1",d33343e192f29932c2e4681f08fb6bda,0.9969897652016857,1605000,15,33459000,hu/SRR1977249.abundtrim.fq.gz,SRR1977249.36 36/2,22838853,671597000,31,DNA,1000,671597,False,0.8238903307448819,0.9999027539329605,0.9118965423389211,0.9999027539329605,False,,32416,671597
1562000,0.002325799549432174,0.993006993006993,0.002325799549432174,0.002325799549432174,,,,/group/ctbrowngrp/sourmash-db/gtdb-rs207/gtdb-rs207.genomic-reps.dna.k31.zip,"GCA_003445715.1 Anaerolineaceae bacterium, ASM344571v1",467c2983a41a8a07a0f6ae3676741d1c,0.993006993006993,1562000,16,31897000,hu/SRR1977249.abundtrim.fq.gz,SRR1977249.36 36/2,22838853,671597000,31,DNA,1000,671597,False,0.8223386805842614,0.9997736523089356,0.9110561664465985,0.9997736523089356,False,,33978,671597
1545000,0.0023004867502386104,0.7783375314861462,0.0023004867502386104,0.0023004867502386104,,,,/group/ctbrowngrp/sourmash-db/gtdb-rs207/gtdb-rs207.genomic-reps.dna.k31.zip,"GCA_002383685.1 Synergistaceae bacterium UBA4066, ASM238368v1",4995b6087a2a9c2b6c59d4491d2ad040,0.7783375314861462,1545000,17,30352000,hu/SRR1977249.abundtrim.fq.gz,SRR1977249.36 36/2,22838853,671597000,31,DNA,1000,671597,False,0.8220484425185952,0.9919488755198645,0.9069986590192298,0.9919488755198645,False,,35523,671597
1515000,0.002255817104602909,0.864475201845444,0.002231993293597202,0.002231993293597202,,,,/group/ctbrowngrp/sourmash-db/gtdb-rs207/gtdb-rs207.genomic-reps.dna.k31.zip,"GCA_003517675.1 Porphyromonadaceae bacterium, ASM351767v1",e656b651cfc798cbd003da2e71789345,0.8737024221453287,1499000,18,28853000,hu/SRR1977249.abundtrim.fq.gz,SRR1977249.36 36/2,22838853,671597000,31,DNA,1000,671597,False,0.8215286355341588,0.9956541339699938,0.9085913847520763,0.9956541339699938,False,,37022,671597
1427000,0.002124786144071519,0.9894957983193278,0.0021039403094415252,0.0021039403094415252,,,,/group/ctbrowngrp/sourmash-db/gtdb-rs207/gtdb-rs207.genomic-reps.dna.k31.zip,"GCA_001508595.1 Anaerolineaceae bacterium 46_22, ASM150859v1",09e99d6d0396e7b0bbf524f896389327,0.9992997198879552,1413000,19,27440000,hu/SRR1977249.abundtrim.fq.gz,SRR1977249.36 36/2,22838853,671597000,31,DNA,1000,671597,False,0.8199443207343624,0.9999774026610433,0.9099608616977028,0.9999774026610433,False,,38435,671597
1414000,0.002105429297629382,0.9819193324061196,0.0021024513212536686,0.0021024513212536686,,,,/group/ctbrowngrp/sourmash-db/gtdb-rs207/gtdb-rs207.genomic-reps.dna.k31.zip,"GCA_003446665.1 Synergistaceae bacterium, ASM344666v1",5453bafab57a7f675eee8698220d06a6,0.9833101529902643,1412000,20,26028000,hu/SRR1977249.abundtrim.fq.gz,SRR1977249.36 36/2,22838853,671597000,31,DNA,1000,671597,False,0.819702293794662,0.9994572218146782,0.90957975780467,0.9994572218146782,False,,39847,671597
1359000,0.002023534947297263,0.9955882352941177,0.0020160900063579796,0.0020160900063579796,,,,/group/ctbrowngrp/sourmash-db/gtdb-rs207/gtdb-rs207.genomic-reps.dna.k31.zip,"GCA_001509095.1 Synergistales bacterium 58_81, ASM150909v1",bd8db87ee766b01a1141b4d3b2522a44,0.9992647058823529,1354000,21,24674000,hu/SRR1977249.abundtrim.fq.gz,SRR1977249.36 36/2,22838853,671597000,31,DNA,1000,671597,False,0.8186539195132243,0.9999762723918605,0.9093150959525425,0.9999762723918605,False,,41201,671597
1202000,0.0017897638018037603,0.6546840958605664,0.0017897638018037603,0.0017897638018037603,,,,/group/ctbrowngrp/sourmash-db/gtdb-rs207/gtdb-rs207.genomic-reps.dna.k31.zip,"GCA_003506745.1 Syntrophaceae bacterium, ASM350674v1",b9e9456ad4191499ebabdbffbdfbf946,0.6546840958605664,1202000,22,23472000,hu/SRR1977249.abundtrim.fq.gz,SRR1977249.36 36/2,22838853,671597000,31,DNA,1000,671597,False,0.8154183999550797,0.9864283414294286,0.9009233706922541,0.9864283414294286,False,,42403,671597
1169000,0.001740627191604489,0.7203335471456062,0.0016721337349630805,0.0016721337349630805,,,,/group/ctbrowngrp/sourmash-db/gtdb-rs207/gtdb-rs207.genomic-reps.dna.k31.zip,"GCA_002497965.1 Methanomicrobiaceae archaeon UBA436, ASM249796v1",3ea4aa33bada8707654b6363c10861e7,0.7498396407953817,1123000,23,22349000,hu/SRR1977249.abundtrim.fq.gz,SRR1977249.36 36/2,22838853,671597000,31,DNA,1000,671597,False,0.8146864788746108,0.990756025909194,0.9027212523919024,0.990756025909194,False,,43526,671597
1181000,0.0017584950498587696,0.5332699619771863,0.001670644746775224,0.001670644746775224,,,,/group/ctbrowngrp/sourmash-db/gtdb-rs207/gtdb-rs207.genomic-reps.dna.k31.zip,"GCF_003228205.1 Mesotoga sp. TolDC strain=TolDC, ASM322820v1",4179dc86b4f9deb20b13cb39835d36bd,0.5613117870722434,1122000,24,21227000,hu/SRR1977249.abundtrim.fq.gz,SRR1977249.36 36/2,22838853,671597000,31,DNA,1000,671597,False,0.8149549190472037,0.9815440882469793,0.8982495036470914,0.9815440882469793,False,,44648,671597
1030000,0.001533657833492407,0.3762340036563071,0.0015321688453045503,0.0015321688453045503,,,,/group/ctbrowngrp/sourmash-db/gtdb-rs207/gtdb-rs207.genomic-reps.dna.k31.zip,"GCA_002418865.1 Bacteroidales bacterium UBA5762, ASM241886v1",92477575b9cbd2a56dc546b78dbe48c9,0.376599634369287,1029000,25,20198000,hu/SRR1977249.abundtrim.fq.gz,SRR1977249.36 36/2,22838853,671597000,31,DNA,1000,671597,False,0.8113664537137363,0.968988686090821,0.8901775699022787,0.968988686090821,False,,45677,671597
934000,0.0013907149674581632,0.9967982924226254,0.0013907149674581632,0.0013907149674581632,,,,/group/ctbrowngrp/sourmash-db/gtdb-rs207/gtdb-rs207.genomic-reps.dna.k31.zip,"GCA_013329105.1 Candidatus Methanomethylophilaceae archaeon, ASM1332910v1",bd9ce1548e8abc2f475cdcde3d600c2a,0.9967982924226254,934000,26,19264000,hu/SRR1977249.abundtrim.fq.gz,SRR1977249.36 36/2,22838853,671597000,31,DNA,1000,671597,False,0.8088097748127723,0.9998965587694589,0.9043531667911155,0.9998965587694589,False,,46611,671597
1080000,0.0016081072428852422,0.3285109386026817,0.001386248002894593,0.001386248002894593,,,,/group/ctbrowngrp/sourmash-db/gtdb-rs207/gtdb-rs207.genomic-reps.dna.k31.zip,"GCA_018433835.1 Methanoculleus sp., SM3",c4faa66e65e0fd9ef6d625fa3892947d,0.38108680310515175,931000,27,18333000,hu/SRR1977249.abundtrim.fq.gz,SRR1977249.36 36/2,22838853,671597000,31,DNA,1000,671597,False,0.8126080668295784,0.9693589896989067,0.8909835282642425,0.9693589896989067,False,,47542,671597
888000,0.0013222215108167547,0.28443305573350414,0.0013222215108167547,0.0013222215108167547,,,,/group/ctbrowngrp/sourmash-db/gtdb-rs207/gtdb-rs207.genomic-reps.dna.k31.zip,"GCF_000013405.1 Syntrophus aciditrophicus SB strain=SB, ASM1340v1",d932d5840deba8110fe65235866271f4,0.28443305573350414,888000,28,17445000,hu/SRR1977249.abundtrim.fq.gz,SRR1977249.36 36/2,22838853,671597000,31,DNA,1000,671597,False,0.8074931479020272,0.9602547271166006,0.8838739375093139,0.9602547271166006,False,,48430,671597
1191000,0.0017733849317373366,0.4977220956719818,0.001301375676186761,0.001301375676186761,,,,/group/ctbrowngrp/sourmash-db/gtdb-rs207/gtdb-rs207.genomic-reps.dna.k31.zip,"GCA_011620695.1 Proteiniphilum sp., ASM1162069v1",b6b00a19eb9c1dce167f868f41b37d1a,0.678246013667426,874000,29,16571000,hu/SRR1977249.abundtrim.fq.gz,SRR1977249.36 36/2,22838853,671597000,31,DNA,1000,671597,False,0.8151766104437668,0.9875540605290116,0.9013653354863892,0.9875540605290116,False,,49304,671597
910000,0.0013549792509496023,0.34470304975922955,0.0012790408533689102,0.0012790408533689102,,,,/group/ctbrowngrp/sourmash-db/gtdb-rs207/gtdb-rs207.genomic-reps.dna.k31.zip,"GCA_003451675.1 Candidatus Atribacteria bacterium, ASM345167v1",ca3d342e807c0e574e8473fdb1924dc4,0.3651685393258427,859000,30,15712000,hu/SRR1977249.abundtrim.fq.gz,SRR1977249.36 36/2,22838853,671597000,31,DNA,1000,671597,False,0.8081308726244316,0.9680256886401025,0.8880782806322671,0.9680256886401025,False,,50163,671597
745000,0.0011092961999532459,0.16618335935757306,0.0011092961999532459,0.0011092961999532459,,,,/group/ctbrowngrp/sourmash-db/gtdb-rs207/gtdb-rs207.genomic-reps.dna.k31.zip,"GCA_002422525.1 Candidatus Hydrogenedentes bacterium UBA6118, ASM242252v1",b4ae1e75d034c6ef5ed10bffb1e1be7a,0.16618335935757306,745000,31,14967000,hu/SRR1977249.abundtrim.fq.gz,SRR1977249.36 36/2,22838853,671597000,31,DNA,1000,671597,False,0.8029323435531805,0.9437515162485416,0.8733419299008611,0.9437515162485416,False,,50908,671597
636000,0.0009469964874768648,0.3103953147877013,0.0009469964874768648,0.0009469964874768648,,,,/group/ctbrowngrp/sourmash-db/gtdb-rs207/gtdb-rs207.genomic-reps.dna.k31.zip,"GCF_002924625.1 Petrotoga sibirica DSM 13575 strain=DSM 13575, ASM292462v1",47b0fb04e5c77b7df06f07e19311fdad,0.3103953147877013,636000,32,14331000,hu/SRR1977249.abundtrim.fq.gz,SRR1977249.36 36/2,22838853,671597000,31,DNA,1000,671597,False,0.798845605741155,0.9629642546565491,0.8809049301988521,0.9629642546565491,False,,51544,671597
631000,0.0009395515465375813,0.25713121434392827,0.0009395515465375813,0.0009395515465375813,,,,/group/ctbrowngrp/sourmash-db/gtdb-rs207/gtdb-rs207.genomic-reps.dna.k31.zip,"GCA_001316325.1 Methanobacterium formicicum JCM 10132 strain=JCM 10132, ASM131632v1",8fe56d30d5cc53293d461e33583b8d43,0.25713121434392827,631000,33,13700000,hu/SRR1977249.abundtrim.fq.gz,SRR1977249.36 36/2,22838853,671597000,31,DNA,1000,671597,False,0.7986422429419383,0.9571339816810568,0.8778881123114975,0.9571339816810568,False,,52175,671597
537000,0.000799586656879051,0.16729088639200998,0.0007980976686911943,0.0007980976686911943,,,,/group/ctbrowngrp/sourmash-db/gtdb-rs207/gtdb-rs207.genomic-reps.dna.k31.zip,"GCA_002423325.1 Anaerolineales bacterium UBA6128, ASM242332v1",0c290d910bd9857c5da8be113d36efd1,0.16760299625468164,536000,34,13164000,hu/SRR1977249.abundtrim.fq.gz,SRR1977249.36 36/2,22838853,671597000,31,DNA,1000,671597,False,0.794497320244293,0.944010514521072,0.8692539173826825,0.944010514521072,False,,52711,671597
524000,0.0007802298104369138,0.2767429483767962,0.000774273857685487,0.000774273857685487,,,,/group/ctbrowngrp/sourmash-db/gtdb-rs207/gtdb-rs207.genomic-reps.dna.k31.zip,"GCA_002382605.1 Synergistaceae bacterium UBA4088, ASM238260v1",518ce6a14dbf2d71a1efd82b6be840ba,0.2788717402873869,520000,35,12644000,hu/SRR1977249.abundtrim.fq.gz,SRR1977249.36 36/2,22838853,671597000,31,DNA,1000,671597,False,0.7938694949753358,0.959643271921934,0.8767563834486349,0.959643271921934,False,,53231,671597
498000,0.0007415161175526395,0.18586387434554974,0.0007400271293647828,0.0007400271293647828,,,,/group/ctbrowngrp/sourmash-db/gtdb-rs207/gtdb-rs207.genomic-reps.dna.k31.zip,"GCA_002412595.1 Anaerolineaceae bacterium UBA5211, ASM241259v1",de41373f163f8cba03d360a52c251a70,0.1862378459237098,497000,36,12147000,hu/SRR1977249.abundtrim.fq.gz,SRR1977249.36 36/2,22838853,671597000,31,DNA,1000,671597,False,0.7925672965872019,0.9472264235754682,0.869896860081335,0.9472264235754682,False,,53728,671597
978000,0.0014562304477238582,0.3034267912772586,0.0007251372474862157,0.0007251372474862157,,,,/group/ctbrowngrp/sourmash-db/gtdb-rs207/gtdb-rs207.genomic-reps.dna.k31.zip,"GCA_018054125.1 Candidatus Atribacteria bacterium, ASM1805412v1",fd2e147ce178e02ad9f3b9c9860c8f30,0.6093457943925233,487000,37,11660000,hu/SRR1977249.abundtrim.fq.gz,SRR1977249.36 36/2,22838853,671597000,31,DNA,1000,671597,False,0.8100117033718763,0.9841473404076827,0.8970795218897796,0.9841473404076827,False,,54215,671597
478000,0.0007117363537955053,0.1663760027903732,0.0007102473656076487,0.0007102473656076487,,,,/group/ctbrowngrp/sourmash-db/gtdb-rs207/gtdb-rs207.genomic-reps.dna.k31.zip,"GCF_000204415.1 Methanothrix soehngenii GP6 strain=GP6, ASM20441v1",a34f6856f1262ff8633138c832fdf1e8,0.16672479944192536,477000,38,11183000,hu/SRR1977249.abundtrim.fq.gz,SRR1977249.36 36/2,22838853,671597000,31,DNA,1000,671597,False,0.7915200273673257,0.9438505481455317,0.8676852877564287,0.9438505481455317,False,,54692,671597
474000,0.0007057804010440785,0.09568214068518142,0.0007028024246683651,0.0007028024246683651,,,,/group/ctbrowngrp/sourmash-db/gtdb-rs207/gtdb-rs207.genomic-reps.dna.k31.zip,"GCF_000935215.1 Pseudomonas stutzeri strain=BAL361, ASM93521v1",6b0bb0674011cae5e13731fae5b94cce,0.09608757348469492,472000,39,10711000,hu/SRR1977249.abundtrim.fq.gz,SRR1977249.36 36/2,22838853,671597000,31,DNA,1000,671597,False,0.7913054929643437,0.9272200491555539,0.8592627710599487,0.9272200491555539,False,,55164,671597
1017000,0.0015143009870502698,0.1841297676457694,0.0006253750388998164,0.0006253750388998164,,,,/group/ctbrowngrp/sourmash-db/gtdb-rs207/gtdb-rs207.genomic-reps.dna.k31.zip,"GCA_018433945.1 Proteiniphilum sp., SM3",053f3f114be53d0af13b9e6d13390a66,0.4458570802279702,420000,40,10291000,hu/SRR1977249.abundtrim.fq.gz,SRR1977249.36 36/2,22838853,671597000,31,DNA,1000,671597,False,0.8110340791894042,0.9742798738363236,0.8926569765128639,0.9742798738363236,False,,55584,671597
400000,0.0005955952751426823,0.10341261633919338,0.0005955952751426823,0.0005955952751426823,,,,/group/ctbrowngrp/sourmash-db/gtdb-rs207/gtdb-rs207.genomic-reps.dna.k31.zip,"GCF_003260995.1 Acetobacterium sp. KB-1 strain=KB-1, ASM326099v1",c923efd1c1f426da84ff38a4136d4a4d,0.10341261633919338,400000,41,9891000,hu/SRR1977249.abundtrim.fq.gz,SRR1977249.36 36/2,22838853,671597000,31,DNA,1000,671597,False,0.7869844824775338,0.9294200759405002,0.858202279209017,0.9294200759405002,False,,55984,671597
397000,0.0005911283105791121,0.1945124938755512,0.0005911283105791121,0.0005911283105791121,,,,/group/ctbrowngrp/sourmash-db/gtdb-rs207/gtdb-rs207.genomic-reps.dna.k31.zip,"GCA_003542295.1 Candidatus Atribacteria bacterium, ASM354229v1",2673315e26b384e04b508eb2fcfa34bb,0.1945124938755512,397000,42,9494000,hu/SRR1977249.abundtrim.fq.gz,SRR1977249.36 36/2,22838853,671597000,31,DNA,1000,671597,False,0.7867933886220086,0.9485556662130402,0.8676745274175244,0.9485556662130402,False,,56381,671597
648000,0.0009648643457311453,0.16416040100250626,0.0005851723578276854,0.0005851723578276854,,,,/group/ctbrowngrp/sourmash-db/gtdb-rs207/gtdb-rs207.genomic-reps.dna.k31.zip,"GCA_002498065.1 Methanoculleus sp. UBA208, ASM249806v1",851e631d3ec79ed5fed441b8fdee2cf2,0.2706766917293233,393000,43,9101000,hu/SRR1977249.abundtrim.fq.gz,SRR1977249.36 36/2,22838853,671597000,31,DNA,1000,671597,False,0.799327432549269,0.9587203882436236,0.8790239103964463,0.9587203882436236,False,,56774,671597
620000,0.0009231726764711575,0.19203099059214168,0.0005166789011862769,0.0005166789011862769,,,,/group/ctbrowngrp/sourmash-db/gtdb-rs207/gtdb-rs207.genomic-reps.dna.k31.zip,"GCA_011620045.1 Mesotoga sp., ASM1162004v1",31e602900ee4b37094f916e82472a0f5,0.34311012728278917,347000,44,8754000,hu/SRR1977249.abundtrim.fq.gz,SRR1977249.36 36/2,22838853,671597000,31,DNA,1000,671597,False,0.798189299510689,0.966081988064435,0.882135643787562,0.966081988064435,False,,57121,671597
332000,0.0004943440783684263,0.6018181818181818,0.0004928550901805696,0.0004928550901805696,,,,/group/ctbrowngrp/sourmash-db/gtdb-rs207/gtdb-rs207.genomic-reps.dna.k31.zip,"GCA_002340425.1 Patescibacteria group bacterium UBA2558, ASM234042v1",32cdd20490ca7d8947e95caf9b377b37,0.6036363636363636,331000,45,8423000,hu/SRR1977249.abundtrim.fq.gz,SRR1977249.36 36/2,22838853,671597000,31,DNA,1000,671597,False,0.7822683962410094,0.983848524241745,0.8830584602413771,0.983848524241745,False,,57452,671597
325000,0.0004839211610534294,0.08290816326530612,0.0004839211610534294,0.0004839211610534294,,,,/group/ctbrowngrp/sourmash-db/gtdb-rs207/gtdb-rs207.genomic-reps.dna.k31.zip,"GCA_002307905.1 Rhizobiaceae bacterium UBA1291, ASM230790v1",993ece09489794252dc1bd8d08eda432,0.08290816326530612,325000,46,8098000,hu/SRR1977249.abundtrim.fq.gz,SRR1977249.36 36/2,22838853,671597000,31,DNA,1000,671597,False,0.7817308399727328,0.9228179674690835,0.8522744037209082,0.9228179674690835,False,,57777,671597
392000,0.0005836833696398286,0.10933617323393681,0.00045860836185986537,0.00045860836185986537,,,,/group/ctbrowngrp/sourmash-db/gtdb-rs207/gtdb-rs207.genomic-reps.dna.k31.zip,"GCF_000147715.2 Mesotoga prima MesG1.Ag.4.2 strain=mesG1.Ag.4.2, ASM14771v3",a39af54a457b4afa4355c862f619c493,0.13915512957046502,308000,47,7790000,hu/SRR1977249.abundtrim.fq.gz,SRR1977249.36 36/2,22838853,671597000,31,DNA,1000,671597,False,0.7864717715895859,0.9383631459065481,0.8624174587480671,0.9383631459065481,False,,58085,671597
503000,0.000748961058491923,0.21185185185185185,0.0004258506217270178,0.0004258506217270178,,,,/group/ctbrowngrp/sourmash-db/gtdb-rs207/gtdb-rs207.genomic-reps.dna.k31.zip,"GCA_018434645.1 Synergistales bacterium, SL3",4d67559810ca8d8ab43340b7bdf69312,0.3725925925925926,286000,48,7504000,hu/SRR1977249.abundtrim.fq.gz,SRR1977249.36 36/2,22838853,671597000,31,DNA,1000,671597,False,0.7928227513291686,0.9686543780451681,0.8807385646871684,0.9686543780451681,False,,58371,671597
276000,0.00041096073984845077,0.14420555846879915,0.0004094717516605941,0.0004094717516605941,,,,/group/ctbrowngrp/sourmash-db/gtdb-rs207/gtdb-rs207.genomic-reps.dna.k31.zip,"GCA_002436005.1 Anaerolineaceae bacterium UBA6086, ASM243600v1",4a6fc04b6e5f511c200d8718e39359e6,0.1447299423177766,275000,49,7229000,hu/SRR1977249.abundtrim.fq.gz,SRR1977249.36 36/2,22838853,671597000,31,DNA,1000,671597,False,0.7776205923597851,0.939552902131165,0.8585867472454751,0.939552902131165,False,,58646,671597
264000,0.00039309288159417033,0.14057507987220447,0.00039309288159417033,0.00039309288159417033,,,,/group/ctbrowngrp/sourmash-db/gtdb-rs207/gtdb-rs207.genomic-reps.dna.k31.zip,"GCA_016937175.1 Candidatus Mcinerneyibacteriota bacterium, ASM1693717v1",69ea63ce485715ea82e0d76588714cc5,0.14057507987220447,264000,50,6965000,hu/SRR1977249.abundtrim.fq.gz,SRR1977249.36 36/2,22838853,671597000,31,DNA,1000,671597,False,0.7765063396251344,0.9386705062729523,0.8575884229490434,0.9386705062729523,False,,58910,671597
265000,0.000394581869782027,0.11907983761840325,0.00039309288159417033,0.00039309288159417033,,,,/group/ctbrowngrp/sourmash-db/gtdb-rs207/gtdb-rs207.genomic-reps.dna.k31.zip,"GCA_003491285.1 Methanobacterium sp. BRmetb2, ASM349128v1",743f73dc60393a5aa3dfda7776b7fe5d,0.11953089760938204,264000,51,6701000,hu/SRR1977249.abundtrim.fq.gz,SRR1977249.36 36/2,22838853,671597000,31,DNA,1000,671597,False,0.7766010471825998,0.933772965561199,0.8551870063718994,0.933772965561199,False,,59174,671597
254000,0.0003782029997156033,0.11941701927597555,0.0003782029997156033,0.0003782029997156033,,,,/group/ctbrowngrp/sourmash-db/gtdb-rs207/gtdb-rs207.genomic-reps.dna.k31.zip,"GCA_018433345.1 Syntrophobacterales bacterium, SV1",45c216c681d75406fceefb414ed30673,0.11941701927597555,254000,52,6447000,hu/SRR1977249.abundtrim.fq.gz,SRR1977249.36 36/2,22838853,671597000,31,DNA,1000,671597,False,0.7755396945360602,0.9337442550577462,0.8546419747969032,0.9337442550577462,False,,59428,671597
219000,0.00032608841314061854,0.12528735632183907,0.00032459942495276185,0.00032459942495276185,,,,/group/ctbrowngrp/sourmash-db/gtdb-rs207/gtdb-rs207.genomic-reps.dna.k31.zip,"GCA_001508935.1 Synergistales bacterium 54_24, ASM150893v1",8984622a9ac69cf9068ab72c5d82efe8,0.12586206896551724,218000,53,6229000,hu/SRR1977249.abundtrim.fq.gz,SRR1977249.36 36/2,22838853,671597000,31,DNA,1000,671597,False,0.7718394055990684,0.9353288936553984,0.8535841496272334,0.9353288936553984,False,,59646,671597
515000,0.0007668289167462035,0.06811048336472066,0.00032311043676490516,0.00032311043676490516,,,,/group/ctbrowngrp/sourmash-db/gtdb-rs207/gtdb-rs207.genomic-reps.dna.k31.zip,"GCF_003664995.1 Mesotoga sp. BH458_6_3_2_1 strain=BH458_6_3_2_1, BH458_6_3_2_1 CLC assembly",d1a1696f1279bf7d5c840ef580311b65,0.16164469554300062,217000,54,6012000,hu/SRR1977249.abundtrim.fq.gz,SRR1977249.36 36/2,22838853,671597000,31,DNA,1000,671597,False,0.7934259538537962,0.9429088770504676,0.8681674154521319,0.9429088770504676,False,,59863,671597
218000,0.00032459942495276185,0.07479617157036512,0.00031417650763776494,0.00031417650763776494,,,,/group/ctbrowngrp/sourmash-db/gtdb-rs207/gtdb-rs207.genomic-reps.dna.k31.zip,"GCA_002849245.1 Dysgonamonadaceae bacterium strain=XHS2771, ASM284924v1",4d71835819a748c0e25505670f27a78c,0.07727756114852889,211000,55,5801000,hu/SRR1977249.abundtrim.fq.gz,SRR1977249.36 36/2,22838853,671597000,31,DNA,1000,671597,False,0.771725463946967,0.9207267375496563,0.8462261007483116,0.9207267375496563,False,,60074,671597
207000,0.0003082205548863381,0.03124052168638156,0.00030673156669848136,0.00030673156669848136,,,,/group/ctbrowngrp/sourmash-db/gtdb-rs207/gtdb-rs207.genomic-reps.dna.k31.zip,"GCA_003542955.1 Armatimonadetes bacterium, ASM354295v1",505e7d8a974fc89efb951580536b05d0,0.03139217470427662,206000,56,5595000,hu/SRR1977249.abundtrim.fq.gz,SRR1977249.36 36/2,22838853,671597000,31,DNA,1000,671597,False,0.7704376021405545,0.8943558824611542,0.8323967423008543,0.8943558824611542,False,,60280,671597
200000,0.00029779763757134114,0.0625,0.00029779763757134114,0.00029779763757134114,,,,/group/ctbrowngrp/sourmash-db/gtdb-rs207/gtdb-rs207.genomic-reps.dna.k31.zip,"GCA_018432615.1 Clostridia bacterium, SV3",975c7b1c715edcc9735127361a209f19,0.0625,200000,57,5395000,hu/SRR1977249.abundtrim.fq.gz,SRR1977249.36 36/2,22838853,671597000,31,DNA,1000,671597,False,0.7695831036886536,0.9144446426672516,0.8420138731779525,0.9144446426672516,False,,60480,671597
191000,0.0002843967438806308,0.0764872521246459,0.0002814187675049174,0.0002814187675049174,,,,/group/ctbrowngrp/sourmash-db/gtdb-rs207/gtdb-rs207.genomic-reps.dna.k31.zip,"GCA_002030015.1 delta proteobacterium MLS_D, ASM203001v1",07bc9b2a2e97e674c95e0c04d2acee57,0.07729664103601781,189000,58,5206000,hu/SRR1977249.abundtrim.fq.gz,SRR1977249.36 36/2,22838853,671597000,31,DNA,1000,671597,False,0.7684408993404243,0.9207340698388243,0.8445874845896243,0.9207340698388243,False,,60669,671597
249000,0.00037075805877631975,0.0897560975609756,0.00027397382656563386,0.00027397382656563386,,,,/group/ctbrowngrp/sourmash-db/gtdb-rs207/gtdb-rs207.genomic-reps.dna.k31.zip,"GCF_000018605.1 Petrotoga mobilis SJ95 strain=SJ95, ASM1860v1",e0953430b52a60528e03714712cd1bc7,0.12146341463414634,184000,59,5022000,hu/SRR1977249.abundtrim.fq.gz,SRR1977249.36 36/2,22838853,671597000,31,DNA,1000,671597,False,0.7750424736069897,0.9342561887771463,0.854649331192068,0.9342561887771463,False,,60853,671597
301000,0.00044818544454486845,0.054958938723941884,0.0002590839446870668,0.0002590839446870668,,,,/group/ctbrowngrp/sourmash-db/gtdb-rs207/gtdb-rs207.genomic-reps.dna.k31.zip,"GCA_016841525.1 Anaerolineaceae bacterium, ASM1684152v1",f8b525aca1aa85946019b58ad06cfd85,0.0950726468730259,174000,60,4848000,hu/SRR1977249.abundtrim.fq.gz,SRR1977249.36 36/2,22838853,671597000,31,DNA,1000,671597,False,0.7797987020858808,0.9269024949017789,0.8533505984938299,0.9269024949017789,False,,61027,671597
170000,0.00025312799193564,0.08421583459404942,0.00024866102737206984,0.00024866102737206984,,,,/group/ctbrowngrp/sourmash-db/gtdb-rs207/gtdb-rs207.genomic-reps.dna.k31.zip,"GCA_002452315.1 Anaerolineaceae bacterium UBA6801, ASM245231v1",50403463b0a59ba7b1b94dc38d2dd731,0.08572869389813415,167000,61,4681000,hu/SRR1977249.abundtrim.fq.gz,SRR1977249.36 36/2,22838853,671597000,31,DNA,1000,671597,False,0.7655590860453714,0.923814376200595,0.8446867311229832,0.923814376200595,False,,61194,671597
163000,0.00024270507462064304,0.17377398720682302,0.00024270507462064304,0.00024270507462064304,,,,/group/ctbrowngrp/sourmash-db/gtdb-rs207/gtdb-rs207.genomic-reps.dna.k31.zip,"GCA_011620825.1 Candidatus Methanomethylophilaceae archaeon, ASM1162082v1",fca2350c34c1c2937139169f45280532,0.17377398720682302,163000,62,4518000,hu/SRR1977249.abundtrim.fq.gz,SRR1977249.36 36/2,22838853,671597000,31,DNA,1000,671597,False,0.7645213896671402,0.9451122223017219,0.854816805984431,0.9451122223017219,False,,61357,671597
157000,0.0002337711454935028,0.04990341274951706,0.00023079316911778938,0.00023079316911778938,,,,/group/ctbrowngrp/sourmash-db/gtdb-rs207/gtdb-rs207.genomic-reps.dna.k31.zip,"GCF_001888165.1 Pelobacter acetylenicus strain=DSM 3246, ASM188816v1",b641d365763aa37cac9d4568efa49ff6,0.05054732775273664,155000,63,4363000,hu/SRR1977249.abundtrim.fq.gz,SRR1977249.36 36/2,22838853,671597000,31,DNA,1000,671597,False,0.7635970162798237,0.908204841934915,0.8359009291073694,0.908204841934915,False,,61512,671597
471000,0.0007013134364805084,0.02937625754527163,0.00021739227542707905,0.00021739227542707905,,,,/group/ctbrowngrp/sourmash-db/gtdb-rs207/gtdb-rs207.genomic-reps.dna.k31.zip,"GCF_002929225.1 Pseudomonas kunmingensis strain=BUN14, ASM292922v1",71de0f93fde9c66c8b88ba922f6d5980,0.09476861167002013,146000,64,4217000,hu/SRR1977249.abundtrim.fq.gz,SRR1977249.36 36/2,22838853,671597000,31,DNA,1000,671597,False,0.7911434392784479,0.92680672841505,0.8589750838467489,0.92680672841505,False,,61658,671597
767000,0.0011420539400860933,0.050673281360737066,0.0002129253108635089,0.0002129253108635089,,,,/group/ctbrowngrp/sourmash-db/gtdb-rs207/gtdb-rs207.genomic-reps.dna.k31.zip,"GCA_002839645.1 Methanomicrobiales archaeon HGW-Methanomicrobiales-2, ASM283964v1",4d87b06a9a0ee8414b286fc7be487d07,0.2717930545712261,143000,65,4074000,hu/SRR1977249.abundtrim.fq.gz,SRR1977249.36 36/2,22838853,671597000,31,DNA,1000,671597,False,0.8036864847523151,0.9588476856511529,0.8812670852017339,0.9588476856511529,False,,61801,671597
146000,0.00021739227542707905,0.040828229804607756,0.0002084583462999388,0.0002084583462999388,,,,/group/ctbrowngrp/sourmash-db/gtdb-rs207/gtdb-rs207.genomic-reps.dna.k31.zip,"GCA_015709215.1 Bacteroidales bacterium, ASM1570921v1",0ea4a92f9bda51c25645b73b707fbcec,0.04257801108194809,140000,66,3934000,hu/SRR1977249.abundtrim.fq.gz,SRR1977249.36 36/2,22838853,671597000,31,DNA,1000,671597,False,0.7618098508145622,0.9031921893872147,0.8325010201008884,0.9031921893872147,False,,61941,671597
339000,0.0005047669956834232,0.03671232876712329,0.00019952441717279858,0.00019952441717279858,,,,/group/ctbrowngrp/sourmash-db/gtdb-rs207/gtdb-rs207.genomic-reps.dna.k31.zip,"GCA_012719415.1 Syntrophorhabdus sp., ASM1271941v1",d4dadf7aabfc36de9955e00b0bfa052b,0.09287671232876712,134000,67,3800000,hu/SRR1977249.abundtrim.fq.gz,SRR1977249.36 36/2,22838853,671597000,31,DNA,1000,671597,False,0.7827950940667734,0.9262040422385379,0.8544995681526557,0.9262040422385379,False,,62075,671597
229000,0.0003409782950191856,0.07638483965014577,0.00019505745260922844,0.00019505745260922844,,,,/group/ctbrowngrp/sourmash-db/gtdb-rs207/gtdb-rs207.genomic-reps.dna.k31.zip,"GCA_002417685.1 Anaerolineaceae bacterium UBA5823, ASM241768v1",6f721afa19d5fe5d413a60fe214102b9,0.13352769679300291,131000,68,3669000,hu/SRR1977249.abundtrim.fq.gz,SRR1977249.36 36/2,22838853,671597000,31,DNA,1000,671597,False,0.7729519111351238,0.9371144280768247,0.8550331696059743,0.9371144280768247,False,,62206,671597
125000,0.00018612352348208822,0.028393351800554016,0.0001831455471063748,0.0001831455471063748,,,,/group/ctbrowngrp/sourmash-db/gtdb-rs207/gtdb-rs207.genomic-reps.dna.k31.zip,"GCF_004369205.1 Pelotomaculum schinkii strain=HH, ASM436920v1",6dbfd2a9afbc10224ed8d5da2a1f6f22,0.028855032317636194,123000,69,3546000,hu/SRR1977249.abundtrim.fq.gz,SRR1977249.36 36/2,22838853,671597000,31,DNA,1000,671597,False,0.7580031467727222,0.8919278564511809,0.8249655016119515,0.8919278564511809,False,,62329,671597
122000,0.00018165655891851809,0.06133735545500251,0.00018165655891851809,0.00018165655891851809,,,,/group/ctbrowngrp/sourmash-db/gtdb-rs207/gtdb-rs207.genomic-reps.dna.k31.zip,"GCA_002383405.1 Moorella sp. UBA4076, ASM238340v1",75290b04a4967d8d6a919e0274e486c9,0.06133735545500251,122000,70,3424000,hu/SRR1977249.abundtrim.fq.gz,SRR1977249.36 36/2,22838853,671597000,31,DNA,1000,671597,False,0.757409381469819,0.9138909073210815,0.8356501443954503,0.9138909073210815,False,,62451,671597
135000,0.00020101340536065527,0.04704359085023738,0.00016229971247638092,0.00016229971247638092,,,,/group/ctbrowngrp/sourmash-db/gtdb-rs207/gtdb-rs207.genomic-reps.dna.k31.zip,"GCF_016125955.1 Anaerobaculum sp. S15 strain=S15, ASM1612595v1",8a569820e07c6522c74ce0ea167d23df,0.05826499784203712,109000,71,3315000,hu/SRR1977249.abundtrim.fq.gz,SRR1977249.36 36/2,22838853,671597000,31,DNA,1000,671597,False,0.7598873140339266,0.9123772403109148,0.8361322771724207,0.9123772403109148,False,,62560,671597
108000,0.00016081072428852423,0.04843820733363513,0.0001593217361006675,0.0001593217361006675,,,,/group/ctbrowngrp/sourmash-db/gtdb-rs207/gtdb-rs207.genomic-reps.dna.k31.zip,"GCA_002402575.1 Syntrophomonas sp. UBA4807, ASM240257v1",bd55578fc28ebbfeadd234dc51ac955b,0.0488909008601177,107000,72,3208000,hu/SRR1977249.abundtrim.fq.gz,SRR1977249.36 36/2,22838853,671597000,31,DNA,1000,671597,False,0.7544371482384337,0.9072292284055055,0.8308331883219695,0.9072292284055055,False,,62667,671597
102000,0.00015187679516138398,0.0451295799821269,0.0001503878069735273,0.0001503878069735273,,,,/group/ctbrowngrp/sourmash-db/gtdb-rs207/gtdb-rs207.genomic-reps.dna.k31.zip,"GCF_004101785.1 Gudongella oleilytica strain=W6, ASM410178v1",e6d7d11b9180e4b49c9918da7e5f727c,0.045576407506702415,101000,73,3107000,hu/SRR1977249.abundtrim.fq.gz,SRR1977249.36 36/2,22838853,671597000,31,DNA,1000,671597,False,0.7530473837170842,0.9051770854825172,0.8291122345998008,0.9051770854825172,False,,62768,671597
100000,0.00014889881878567057,0.06305170239596469,0.00014889881878567057,0.00014889881878567057,,,,/group/ctbrowngrp/sourmash-db/gtdb-rs207/gtdb-rs207.genomic-reps.dna.k31.zip,"GCA_003486795.1 Actinobacteria bacterium, ASM348679v1",881647ee2d472e112dc6e8c99e89e49b,0.06305170239596469,100000,74,3007000,hu/SRR1977249.abundtrim.fq.gz,SRR1977249.36 36/2,22838853,671597000,31,DNA,1000,671597,False,0.7525664948545769,0.9147039246529228,0.8336352097537498,0.9147039246529228,False,,62868,671597
417000,0.0006209080743362462,0.06622073578595318,0.00014740983059781387,0.00014740983059781387,,,,/group/ctbrowngrp/sourmash-db/gtdb-rs207/gtdb-rs207.genomic-reps.dna.k31.zip,"GCA_001513285.1 Rikenellaceae bacterium DTU049, ASM151328v1",995048bb5cad00b7716c1ba88de7578a,0.27892976588628765,99000,75,2908000,hu/SRR1977249.abundtrim.fq.gz,SRR1977249.36 36/2,22838853,671597000,31,DNA,1000,671597,False,0.7880418247798288,0.959649712421163,0.8738457686004959,0.959649712421163,False,,62967,671597
98000,0.00014592084240995715,0.15076923076923077,0.00014592084240995715,0.00014592084240995715,,,,/group/ctbrowngrp/sourmash-db/gtdb-rs207/gtdb-rs207.genomic-reps.dna.k31.zip,"GCA_017992725.1 Candidatus Woesebacteria bacterium, ASM1799272v1",8fcf6cff593264f2c20aa1ef108ed983,0.15076923076923077,98000,76,2810000,hu/SRR1977249.abundtrim.fq.gz,SRR1977249.36 36/2,22838853,671597000,31,DNA,1000,671597,False,0.7520762068699879,0.9407927429016992,0.8464344748858436,0.9407927429016992,False,,63065,671597
364000,0.0005419917003798408,0.03468001430103682,0.00014443185422210046,0.00014443185422210046,,,,/group/ctbrowngrp/sourmash-db/gtdb-rs207/gtdb-rs207.genomic-reps.dna.k31.zip,"GCA_011045915.1 Mesotoga infera, ASM1104591v1",9083fe7d5c704641daddd86a1876132c,0.1301394351090454,97000,77,2713000,hu/SRR1977249.abundtrim.fq.gz,SRR1977249.36 36/2,22838853,671597000,31,DNA,1000,671597,False,0.784593893603779,0.9363377773438009,0.86046583547379,0.9363377773438009,False,,63162,671597
200000,0.00029779763757134114,0.04747774480712166,0.00014294286603424376,0.00014294286603424376,,,,/group/ctbrowngrp/sourmash-db/gtdb-rs207/gtdb-rs207.genomic-reps.dna.k31.zip,"GCA_002496395.1 Methanocorpusculaceae archaeon UBA456, ASM249639v1",043b19c14105fbd28227cd78d5245233,0.09891196834817013,96000,78,2617000,hu/SRR1977249.abundtrim.fq.gz,SRR1977249.36 36/2,22838853,671597000,31,DNA,1000,671597,False,0.7695831036886536,0.9280869636328699,0.8488350336607617,0.9280869636328699,False,,63258,671597
200000,0.00029779763757134114,0.04414498141263941,0.00014145387784638704,0.00014145387784638704,,,,/group/ctbrowngrp/sourmash-db/gtdb-rs207/gtdb-rs207.genomic-reps.dna.k31.zip,"GCF_002895605.1 Petrotoga miotherma DSM 10691 strain=DSM 10691, ASM289560v1",514ccf5eb782f43619efc4160560684b,0.09293680297397769,95000,79,2522000,hu/SRR1977249.abundtrim.fq.gz,SRR1977249.36 36/2,22838853,671597000,31,DNA,1000,671597,False,0.7695831036886536,0.926223366775085,0.8479032352318693,0.926223366775085,False,,63353,671597
321000,0.00047796520830200255,0.04198302813756141,0.00013996488965853035,0.00013996488965853035,,,,/group/ctbrowngrp/sourmash-db/gtdb-rs207/gtdb-rs207.genomic-reps.dna.k31.zip,"GCA_002327235.1 Firmicutes bacterium UBA2203, ASM232723v1",6574dc76e66f02b6acd9544f2d04f3ac,0.1433675748101831,94000,80,2428000,hu/SRR1977249.abundtrim.fq.gz,SRR1977249.36 36/2,22838853,671597000,31,DNA,1000,671597,False,0.7814186119873515,0.9392662987618768,0.8603424553746142,0.9392662987618768,False,,63447,671597
96000,0.00014294286603424376,0.04331450094161959,0.00013698691328281693,0.00013698691328281693,,,,/group/ctbrowngrp/sourmash-db/gtdb-rs207/gtdb-rs207.genomic-reps.dna.k31.zip,"GCA_002432795.1 Anaerolineaceae bacterium UBA5838, ASM243279v1",5de6a714b275e9dca575be8dd69b48b2,0.04519774011299435,92000,81,2336000,hu/SRR1977249.abundtrim.fq.gz,SRR1977249.36 36/2,22838853,671597000,31,DNA,1000,671597,False,0.7515761385083851,0.9049335054617685,0.8282548219850768,0.9049335054617685,False,,63539,671597
168000,0.00025015001555992654,0.049434187016081,0.00012358601959210658,0.00012358601959210658,,,,/group/ctbrowngrp/sourmash-db/gtdb-rs207/gtdb-rs207.genomic-reps.dna.k31.zip,"GCA_002383355.1 Candidatus Atribacteria bacterium UBA4082, ASM238335v1",ae4d1713974304fb32d52a73d6964b02,0.10005955926146516,83000,82,2253000,hu/SRR1977249.abundtrim.fq.gz,SRR1977249.36 36/2,22838853,671597000,31,DNA,1000,671597,False,0.7652668845148309,0.9284323766985602,0.8468496306066955,0.9284323766985602,False,,63622,671597
81000,0.00012060804321639316,0.03624830086089714,0.00011911905502853647,0.00011911905502853647,,,,/group/ctbrowngrp/sourmash-db/gtdb-rs207/gtdb-rs207.genomic-reps.dna.k31.zip,"GCA_014360155.1 Syntrophomonadaceae bacterium, ASM1436015v1",f8c78b460c4f2ff49a8119c9cc145d92,0.03670140462165836,80000,83,2173000,hu/SRR1977249.abundtrim.fq.gz,SRR1977249.36 36/2,22838853,671597000,31,DNA,1000,671597,False,0.7474683067364668,0.8988752891698607,0.8231717979531638,0.8988752891698607,False,,63702,671597
77000,0.00011465209046496634,0.035256410256410256,0.00011465209046496634,0.00011465209046496634,,,,/group/ctbrowngrp/sourmash-db/gtdb-rs207/gtdb-rs207.genomic-reps.dna.k31.zip,"GCA_002441395.1 Spirochaetaceae bacterium UBA6243, ASM244139v1",2ed2394b0bde37618237fabdf724033a,0.035256410256410256,77000,84,2096000,hu/SRR1977249.abundtrim.fq.gz,SRR1977249.36 36/2,22838853,671597000,31,DNA,1000,671597,False,0.7462481879906364,0.8977113427657938,0.821979765378215,0.8977113427657938,False,,63779,671597
76000,0.00011316310227710963,0.12582781456953643,0.00011316310227710963,0.00011316310227710963,,,,/group/ctbrowngrp/sourmash-db/gtdb-rs207/gtdb-rs207.genomic-reps.dna.k31.zip,"GCA_011620305.1 Candidatus Dojkabacteria bacterium, ASM1162030v1",2e683cba3734941b6d6dae979f1e59ce,0.12582781456953643,76000,85,2020000,hu/SRR1977249.abundtrim.fq.gz,SRR1977249.36 36/2,22838853,671597000,31,DNA,1000,671597,False,0.7459335763543815,0.9353206810434527,0.8406271286989171,0.9353206810434527,False,,63855,671597
86000,0.00012805298415567668,0.01911170928667564,0.00010571816133782611,0.00010571816133782611,,,,/group/ctbrowngrp/sourmash-db/gtdb-rs207/gtdb-rs207.genomic-reps.dna.k31.zip,"GCA_002412715.1 Deltaproteobacteria bacterium UBA5205, ASM241271v1",f239792b30b5e3b0abdcc9adc80fdd43,0.023149394347240917,71000,86,1949000,hu/SRR1977249.abundtrim.fq.gz,SRR1977249.36 36/2,22838853,671597000,31,DNA,1000,671597,False,0.7489139597844348,0.8856114318648284,0.8172626958246316,0.8856114318648284,False,,63926,671597
71000,0.00010571816133782611,0.01643703166545806,0.00010125119677425598,0.00010125119677425598,,,,/group/ctbrowngrp/sourmash-db/gtdb-rs207/gtdb-rs207.genomic-reps.dna.k31.zip,"GCA_002840735.1 Chloroflexi bacterium HGW-Chloroflexi-2, ASM284073v1",d371f372d4c89ce7dd6492dabcbdb2df,0.017162194827169446,68000,87,1881000,hu/SRR1977249.abundtrim.fq.gz,SRR1977249.36 36/2,22838853,671597000,31,DNA,1000,671597,False,0.7442978446043143,0.8771032826052001,0.8107005636047572,0.8771032826052001,False,,63994,671597
65000,9.678423221068587e-05,0.01904482859654263,9.678423221068587e-05,9.678423221068587e-05,,,,/group/ctbrowngrp/sourmash-db/gtdb-rs207/gtdb-rs207.genomic-reps.dna.k31.zip,"GCA_013540605.1 Firmicutes bacterium, ASM1354060v1",35d2ae6630b4192ba3a2df37d8528110,0.01904482859654263,65000,88,1816000,hu/SRR1977249.abundtrim.fq.gz,SRR1977249.36 36/2,22838853,671597000,31,DNA,1000,671597,False,0.7421809897167657,0.8800532228113382,0.811117106264052,0.8800532228113382,False,,64059,671597
65000,9.678423221068587e-05,0.01794224838800112,9.529524402282917e-05,9.529524402282917e-05,,,,/group/ctbrowngrp/sourmash-db/gtdb-rs207/gtdb-rs207.genomic-reps.dna.k31.zip,"GCF_000519125.1 Desulfocurvus vexinensis DSM 17965 strain=DSM 17965, ASM51912v1",ca92659be54f2845c70322ee15679b56,0.01822259601906364,64000,89,1752000,hu/SRR1977249.abundtrim.fq.gz,SRR1977249.36 36/2,22838853,671597000,31,DNA,1000,671597,False,0.7421809897167657,0.8788012240036662,0.810491106860216,0.8788012240036662,False,,64123,671597
215000,0.0003201324603891917,0.035222894881673086,9.529524402282917e-05,9.529524402282917e-05,,,,/group/ctbrowngrp/sourmash-db/gtdb-rs207/gtdb-rs207.genomic-reps.dna.k31.zip,"GCA_012729145.1 Synergistaceae bacterium, ASM1272914v1",a8ce28705a14a0bbf28304d6715deeb6,0.11832691249312052,64000,90,1688000,hu/SRR1977249.abundtrim.fq.gz,SRR1977249.36 36/2,22838853,671597000,31,DNA,1000,671597,False,0.771380578889454,0.9334680735132513,0.8524243262013527,0.9334680735132513,False,,64187,671597
65000,9.678423221068587e-05,0.013728013728013728,9.529524402282917e-05,9.529524402282917e-05,,,,/group/ctbrowngrp/sourmash-db/gtdb-rs207/gtdb-rs207.genomic-reps.dna.k31.zip,"GCA_019136035.1 Verrucomicrobia bacterium, ASM1913603v1",276b14e7ab60c983e8ef8df78fb5681f,0.013942513942513942,64000,91,1624000,hu/SRR1977249.abundtrim.fq.gz,SRR1977249.36 36/2,22838853,671597000,31,DNA,1000,671597,False,0.7421809897167657,0.8712444710771126,0.8067127303969391,0.8712444710771126,False,,64251,671597
63000,9.380625583497246e-05,0.02119071644803229,9.380625583497246e-05,9.380625583497246e-05,,,,/group/ctbrowngrp/sourmash-db/gtdb-rs207/gtdb-rs207.genomic-reps.dna.k31.zip,"GCF_003429665.1 Sphaerochaeta halotolerans strain=4-11, ASM342966v1",f22286251b65154289e1d05bdcb0e1a5,0.02119071644803229,63000,92,1561000,hu/SRR1977249.abundtrim.fq.gz,SRR1977249.36 36/2,22838853,671597000,31,DNA,1000,671597,False,0.7414331395362709,0.8830894533740828,0.8122612964551769,0.8830894533740828,False,,64314,671597
229000,0.0003409782950191856,0.023625254582484725,8.636131489568893e-05,8.636131489568893e-05,,,,/group/ctbrowngrp/sourmash-db/gtdb-rs207/gtdb-rs207.genomic-reps.dna.k31.zip,"GCF_000015825.1 Methanoculleus marisnigri JR1 strain=JR1, ASM1582v1",4ffeae8450ff7b4202a6809f2f1de5b9,0.09327902240325865,58000,93,1503000,hu/SRR1977249.abundtrim.fq.gz,SRR1977249.36 36/2,22838853,671597000,31,DNA,1000,671597,False,0.7729519111351238,0.926333191050506,0.849642551092815,0.926333191050506,False,,64372,671597
68000,0.00010125119677425598,0.019015280135823428,8.338333851997552e-05,8.338333851997552e-05,,,,/group/ctbrowngrp/sourmash-db/gtdb-rs207/gtdb-rs207.genomic-reps.dna.k31.zip,"GCA_002382045.1 Syntrophaceae bacterium UBA4059, ASM238204v1",45c93d51e1fa926861eb64bd9e15fef9,0.023089983022071308,56000,94,1447000,hu/SRR1977249.abundtrim.fq.gz,SRR1977249.36 36/2,22838853,671597000,31,DNA,1000,671597,False,0.7432620191250063,0.8855380225760406,0.8144000208505235,0.8855380225760406,False,,64428,671597
243000,0.0003618241296491795,0.02734957732471407,8.189435033211881e-05,8.189435033211881e-05,,,,/group/ctbrowngrp/sourmash-db/gtdb-rs207/gtdb-rs207.genomic-reps.dna.k31.zip,"GCF_002895525.1 Petrotoga olearia DSM 13574 strain=DSM 13574, ASM289552v1",50b39d0097a3c0fed4aefcfef6c0dea4,0.12083540527100944,55000,95,1392000,hu/SRR1977249.abundtrim.fq.gz,SRR1977249.36 36/2,22838853,671597000,31,DNA,1000,671597,False,0.7744328937063599,0.9340999770021947,0.8542664353542773,0.9340999770021947,False,,64483,671597
56000,8.338333851997552e-05,0.016129032258064516,8.189435033211881e-05,8.189435033211881e-05,,,,/group/ctbrowngrp/sourmash-db/gtdb-rs207/gtdb-rs207.genomic-reps.dna.k31.zip,"GCF_000422565.1 Desulfovibrio aminophilus DSM 12254 strain=DSM 12254, ASM42256v1",be850c348738f86ea9edbdf65ae6864c,0.016422287390029325,55000,96,1337000,hu/SRR1977249.abundtrim.fq.gz,SRR1977249.36 36/2,22838853,671597000,31,DNA,1000,671597,False,0.7386214441798761,0.8758572787273243,0.8072393614536002,0.8758572787273243,False,,64538,671597
424000,0.0006313309916512433,0.011447954208183167,8.040536214426212e-05,8.040536214426212e-05,,,,/group/ctbrowngrp/sourmash-db/gtdb-rs207/gtdb-rs207.genomic-reps.dna.k31.zip,"GCA_007713455.1 Pseudomonas sp., ASM771345v1",f835b23f8b58ee2ed6ae7ed36d49839c,0.0898876404494382,54000,97,1283000,hu/SRR1977249.abundtrim.fq.gz,SRR1977249.36 36/2,22838853,671597000,31,DNA,1000,671597,False,0.788465122820716,0.9252271887241698,0.8568461557724429,0.9252271887241698,False,,64592,671597
52000,7.74273857685487e-05,0.02300966405890474,7.444940939283528e-05,7.444940939283528e-05,,,,/group/ctbrowngrp/sourmash-db/gtdb-rs207/gtdb-rs207.genomic-reps.dna.k31.zip,"GCF_000160455.2 Acetomicrobium hydrogeniformans ATCC BAA-1850 strain=OS1, ASM16045v2",22614b44f0c9e8517aab09f0e8d3c81b,0.02393005062126093,50000,98,1233000,hu/SRR1977249.abundtrim.fq.gz,SRR1977249.36 36/2,22838853,671597000,31,DNA,1000,671597,False,0.7368578195973092,0.8865594402685479,0.8117086299329286,0.8865594402685479,False,,64642,671597
